cols,importance,model_name,model_target
order_weekend,0.12445745671459585,tree,y_weekday
order_weekday,0.10226851051728532,tree,y_weekday
delta_avg,0.07732222352052244,tree,y_weekday
order_time_17,0.06231291385675008,tree,y_weekday
order_time_11,0.06140186543371116,tree,y_weekday
order,0.05385020819687885,tree,y_weekday
order_time_15,0.049020327379851,tree,y_weekday
order_takeout,0.048527346034852245,tree,y_weekday
order_time_20,0.047793454344465844,tree,y_weekday
order_time_18,0.046598201412744594,tree,y_weekday
order_time_16,0.04578398536242243,tree,y_weekday
order_time_21,0.040633415066191725,tree,y_weekday
order_time_19,0.03893793104519162,tree,y_weekday
order_time_13,0.03555209762171492,tree,y_weekday
order_time_12,0.031538805123699165,tree,y_weekday
order_delivery,0.030264848043768805,tree,y_weekday
order_time_14,0.018511391761427638,tree,y_weekday
order_cancel,0.01646397511517331,tree,y_weekday
order_fin,0.012207980149626527,tree,y_weekday
store_신일동로점,0.007527506046047928,tree,y_weekday
store_월계로2점,0.004957388971007351,tree,y_weekday
store_기흥점,0.004677197591074645,tree,y_weekday
store_효원로점,0.004187236536597461,tree,y_weekday
store_월드컵로2점,0.0026646050687438396,tree,y_weekday
store_강남대로2점,0.002592098808369856,tree,y_weekday
store_자양로2점,0.002588264342677004,tree,y_weekday
store_해안새벽시장길점,0.0025636142060800793,tree,y_weekday
store_세종로점,0.0025572051705648777,tree,y_weekday
store_사직로2점,0.002534509644799287,tree,y_weekday
store_금송로점,0.0024696150185238097,tree,y_weekday
store_처인구점,0.002447086287621893,tree,y_weekday
store_창경궁로점,0.0023361223148198186,tree,y_weekday
store_용아로점,0.0023064122562241746,tree,y_weekday
store_녹사평대로2점,0.002153435933107265,tree,y_weekday
store_서초중앙로2점,0.0021505100690677186,tree,y_weekday
store_남천동로점,0.002143749549885428,tree,y_weekday
store_사우중로점,0.0017304395891040523,tree,y_weekday
store_부흥로점,0.0013458974581920411,tree,y_weekday
store_상무공원로점,0.0006201684366179044,tree,y_weekday
store_시흥대로점,0.0,tree,y_weekday
store_온천천로점,0.0,tree,y_weekday
store_올림픽로2점,0.0,tree,y_weekday
store_올림픽로점,0.0,tree,y_weekday
store_용대로점,0.0,tree,y_weekday
store_성산동점,0.0,tree,y_weekday
store_용운동점,0.0,tree,y_weekday
store_우치로점,0.0,tree,y_weekday
store_월계로점,0.0,tree,y_weekday
store_가마산로2점,0.0,tree,y_weekday
store_영통구점,0.0,tree,y_weekday
store_월드컵대로2점,0.0,tree,y_weekday
store_월드컵대로점,0.0,tree,y_weekday
store_성산동2점,0.0,tree,y_weekday
store_월드컵로점,0.0,tree,y_weekday
store_은평로2점,0.0,tree,y_weekday
store_은평로점,0.0,tree,y_weekday
store_예술길점,0.0,tree,y_weekday
store_연희로2점,0.0,tree,y_weekday
store_연희로점,0.0,tree,y_weekday
store_신갈마로점,0.0,tree,y_weekday
store_가마산로점,0.0,tree,y_weekday
store_신일서로점,0.0,tree,y_weekday
store_안양천로2점,0.0,tree,y_weekday
store_시흥대로2점,0.0,tree,y_weekday
store_송정해변로점,0.0,tree,y_weekday
store_안양천로점,0.0,tree,y_weekday
store_양재2점,0.0,tree,y_weekday
store_양재점,0.0,tree,y_weekday
store_일산동구점,0.0,tree,y_weekday
store_어등대로점,0.0,tree,y_weekday
store_엑스포로점,0.0,tree,y_weekday
store_연제로점,0.0,tree,y_weekday
store_송정공원로점,0.0,tree,y_weekday
store_세종대로점,0.0,tree,y_weekday
store_세종대로2점,0.0,tree,y_weekday
store_강남대로점,0.0,tree,y_weekday
store_장동로점,0.0,tree,y_weekday
store_자양로점,0.0,tree,y_weekday
store_장대로점,0.0,tree,y_weekday
store_청사포로점,0.0,tree,y_weekday
store_태종로점,0.0,tree,y_weekday
store_필문대로점,0.0,tree,y_weekday
store_하남산단점,0.0,tree,y_weekday
store_하리해안길점,0.0,tree,y_weekday
store_하신번영로점,0.0,tree,y_weekday
store_하신중앙로점,0.0,tree,y_weekday
store_학감대로점,0.0,tree,y_weekday
store_학동로2점,0.0,tree,y_weekday
store_학동로점,0.0,tree,y_weekday
store_한남로점,0.0,tree,y_weekday
store_한누리대로점,0.0,tree,y_weekday
store_한밭대로점,0.0,tree,y_weekday
store_해운대로점,0.0,tree,y_weekday
store_해운대해변로점,0.0,tree,y_weekday
store_화곡로2점,0.0,tree,y_weekday
store_화곡로점,0.0,tree,y_weekday
store_화중로점,0.0,tree,y_weekday
store_효덕로점,0.0,tree,y_weekday
store_청계청로점,0.0,tree,y_weekday
store_청계청로2점,0.0,tree,y_weekday
store_첨단과기로점,0.0,tree,y_weekday
store_종로2점,0.0,tree,y_weekday
store_성내로2점,0.0,tree,y_weekday
store_장승배기로2점,0.0,tree,y_weekday
store_장승배기로점,0.0,tree,y_weekday
store_재반로점,0.0,tree,y_weekday
store_절영로점,0.0,tree,y_weekday
store_절재로점,0.0,tree,y_weekday
store_제중로점,0.0,tree,y_weekday
store_조치원점,0.0,tree,y_weekday
store_종로점,0.0,tree,y_weekday
store_천호대로점,0.0,tree,y_weekday
store_준법로점,0.0,tree,y_weekday
store_중구로점,0.0,tree,y_weekday
store_중동2로점,0.0,tree,y_weekday
store_중앙대로2점,0.0,tree,y_weekday
store_중앙대로점,0.0,tree,y_weekday
store_증심사길점,0.0,tree,y_weekday
store_창경궁로2점,0.0,tree,y_weekday
store_천호대로2점,0.0,tree,y_weekday
store_성내로점,0.0,tree,y_weekday
store_서초중앙로3점,0.0,tree,y_weekday
store_성남대로점,0.0,tree,y_weekday
store_둔산중로점,0.0,tree,y_weekday
store_내방로점,0.0,tree,y_weekday
store_노해로2점,0.0,tree,y_weekday
store_노해로점,0.0,tree,y_weekday
store_녹사평대로점,0.0,tree,y_weekday
store_다대동로점,0.0,tree,y_weekday
store_달맞이길점,0.0,tree,y_weekday
store_당산로2점,0.0,tree,y_weekday
store_당산로점,0.0,tree,y_weekday
store_대둔산로점,0.0,tree,y_weekday
store_대전로점,0.0,tree,y_weekday
store_대종로점,0.0,tree,y_weekday
store_대흥로점,0.0,tree,y_weekday
store_덕남길점,0.0,tree,y_weekday
store_덕수궁길2점,0.0,tree,y_weekday
store_덕수궁길점,0.0,tree,y_weekday
store_도봉로2점,0.0,tree,y_weekday
store_도봉로점,0.0,tree,y_weekday
store_동구청로점,0.0,tree,y_weekday
store_둔산로점,0.0,tree,y_weekday
store_남부순환로점,0.0,tree,y_weekday
store_남부순환로2점,0.0,tree,y_weekday
store_남동남로점,0.0,tree,y_weekday
store_광산로점,0.0,tree,y_weekday
store_경열로점,0.0,tree,y_weekday
store_계룡로점,0.0,tree,y_weekday
store_계족로점,0.0,tree,y_weekday
store_고산자로2점,0.0,tree,y_weekday
store_고산자로점,0.0,tree,y_weekday
store_관악로2점,0.0,tree,y_weekday
store_관악로점,0.0,tree,y_weekday
store_관저동로점,0.0,tree,y_weekday
store_광주여대길점,0.0,tree,y_weekday
store_낙동북로점,0.0,tree,y_weekday
store_구덕로점,0.0,tree,y_weekday
store_구청로점,0.0,tree,y_weekday
store_국제금융로2점,0.0,tree,y_weekday
store_국제금융로점,0.0,tree,y_weekday
store_금화로점,0.0,tree,y_weekday
store_기장대로점,0.0,tree,y_weekday
store_낙동대로2점,0.0,tree,y_weekday
store_낙동대로점,0.0,tree,y_weekday
store_둔산서로점,0.0,tree,y_weekday
store_르노삼성대로점,0.0,tree,y_weekday
store_석봉로점,0.0,tree,y_weekday
store_마들로2점,0.0,tree,y_weekday
store_봉선로점,0.0,tree,y_weekday
store_봉화산로2점,0.0,tree,y_weekday
store_봉화산로점,0.0,tree,y_weekday
store_북유성대로점,0.0,tree,y_weekday
store_분포로점,0.0,tree,y_weekday
store_비아로점,0.0,tree,y_weekday
store_감천항로점,0.0,tree,y_weekday
store_삼봉로2점,0.0,tree,y_weekday
store_삼봉로점,0.0,tree,y_weekday
store_삼일대로2점,0.0,tree,y_weekday
store_삼일대로점,0.0,tree,y_weekday
store_상무대로점,0.0,tree,y_weekday
store_상무번영로점,0.0,tree,y_weekday
store_서남로점,0.0,tree,y_weekday
store_서소문로2점,0.0,tree,y_weekday
store_서소문로점,0.0,tree,y_weekday
store_강남점3점,0.0,tree,y_weekday
store_서초중앙로점,0.0,tree,y_weekday
store_서하로점,0.0,tree,y_weekday
store_복수서로점,0.0,tree,y_weekday
store_보문로점,0.0,tree,y_weekday
store_보문로2점,0.0,tree,y_weekday
store_목공동로2점,0.0,tree,y_weekday
store_마들로점,0.0,tree,y_weekday
store_마린시티1로점,0.0,tree,y_weekday
store_마포대로2점,0.0,tree,y_weekday
store_마포대로점,0.0,tree,y_weekday
store_망양로점,0.0,tree,y_weekday
store_명지국제7로점,0.0,tree,y_weekday
store_명지동점,0.0,tree,y_weekday
store_명지새동네길점,0.0,tree,y_weekday
store_목공동로점,0.0,tree,y_weekday
store_법원로점,0.0,tree,y_weekday
store_못골로점,0.0,tree,y_weekday
store_무교로2점,0.0,tree,y_weekday
store_무교로점,0.0,tree,y_weekday
store_문예회관길점,0.0,tree,y_weekday
store_민락수변로점,0.0,tree,y_weekday
store_방죽로점,0.0,tree,y_weekday
store_배재로점,0.0,tree,y_weekday
store_법원로2점,0.0,tree,y_weekday
store_사직로점,0.0,tree,y_weekday
order_weekend,0.08568711278524445,RandomForest,y_weekday
order_weekday,0.06375335823880739,RandomForest,y_weekday
order_takeout,0.04868843673961565,RandomForest,y_weekday
order,0.04575529024190892,RandomForest,y_weekday
order_time_11,0.045703853783588155,RandomForest,y_weekday
order_time_16,0.045325952616718575,RandomForest,y_weekday
order_delivery,0.04498745100684078,RandomForest,y_weekday
order_time_15,0.04433909374072579,RandomForest,y_weekday
order_fin,0.04425591167644994,RandomForest,y_weekday
delta_avg,0.043898174844397266,RandomForest,y_weekday
order_time_12,0.04244671994653903,RandomForest,y_weekday
order_cancel,0.04212067644673739,RandomForest,y_weekday
order_time_17,0.04208979292376019,RandomForest,y_weekday
order_time_21,0.041480306632458656,RandomForest,y_weekday
order_time_14,0.04134927262031263,RandomForest,y_weekday
order_time_20,0.04126097269438234,RandomForest,y_weekday
order_time_19,0.04124726673668024,RandomForest,y_weekday
order_time_13,0.04040139755516605,RandomForest,y_weekday
order_time_18,0.040398764158763374,RandomForest,y_weekday
store_보문로2점,0.0012616180311994518,RandomForest,y_weekday
store_달맞이길점,0.0012171440438132235,RandomForest,y_weekday
store_삼일대로2점,0.0010452092371496591,RandomForest,y_weekday
store_준법로점,0.001041597047420146,RandomForest,y_weekday
store_청계청로점,0.0010213889114378213,RandomForest,y_weekday
store_양재점,0.001015375296924244,RandomForest,y_weekday
store_망양로점,0.0009779277979774072,RandomForest,y_weekday
store_강남점3점,0.0009474885890668916,RandomForest,y_weekday
store_금송로점,0.0009017552570469128,RandomForest,y_weekday
store_봉선로점,0.0009003702753367089,RandomForest,y_weekday
store_시흥대로점,0.0009001059203764766,RandomForest,y_weekday
store_상무번영로점,0.0008960732067732437,RandomForest,y_weekday
store_목공동로2점,0.0008953982948801765,RandomForest,y_weekday
store_화곡로2점,0.0008742808558440809,RandomForest,y_weekday
store_법원로2점,0.0008726291827899248,RandomForest,y_weekday
store_상무대로점,0.0008652382182208356,RandomForest,y_weekday
store_처인구점,0.0008466774308859931,RandomForest,y_weekday
store_도봉로점,0.0008434410038553354,RandomForest,y_weekday
store_연희로점,0.0008409507714990935,RandomForest,y_weekday
store_민락수변로점,0.0008383818976247442,RandomForest,y_weekday
store_고산자로2점,0.0008368820327910357,RandomForest,y_weekday
store_자양로2점,0.0008265054845671073,RandomForest,y_weekday
store_노해로점,0.000826419604450607,RandomForest,y_weekday
store_관악로2점,0.0008203147853854962,RandomForest,y_weekday
store_문예회관길점,0.0008131114844303824,RandomForest,y_weekday
store_월드컵로2점,0.0008110508163585475,RandomForest,y_weekday
store_부흥로점,0.0008074983328994697,RandomForest,y_weekday
store_우치로점,0.0008033324749338713,RandomForest,y_weekday
store_해안새벽시장길점,0.0007971845719289722,RandomForest,y_weekday
store_남부순환로점,0.0007953387929014473,RandomForest,y_weekday
store_조치원점,0.0007897035272862212,RandomForest,y_weekday
store_대종로점,0.0007881366755267491,RandomForest,y_weekday
store_봉화산로2점,0.0007773385522669151,RandomForest,y_weekday
store_화곡로점,0.0007767224339187368,RandomForest,y_weekday
store_신일서로점,0.0007698530001364468,RandomForest,y_weekday
store_예술길점,0.0007690448841087691,RandomForest,y_weekday
store_사우중로점,0.000767798196683108,RandomForest,y_weekday
store_낙동북로점,0.0007588108485472392,RandomForest,y_weekday
store_첨단과기로점,0.0007553587252308636,RandomForest,y_weekday
store_장동로점,0.0007502023506062187,RandomForest,y_weekday
store_동구청로점,0.0007462708447437053,RandomForest,y_weekday
store_보문로점,0.0007445930204101307,RandomForest,y_weekday
store_화중로점,0.0007411375353555494,RandomForest,y_weekday
store_광주여대길점,0.0007372773402535239,RandomForest,y_weekday
store_명지국제7로점,0.0007363387701217947,RandomForest,y_weekday
store_창경궁로점,0.0007324557629055684,RandomForest,y_weekday
store_증심사길점,0.000731466083224318,RandomForest,y_weekday
store_삼일대로점,0.0007289591165942292,RandomForest,y_weekday
store_월드컵대로점,0.0007195599038935327,RandomForest,y_weekday
store_마포대로점,0.0007185457834115553,RandomForest,y_weekday
store_가마산로점,0.0007163505765429621,RandomForest,y_weekday
store_성내로2점,0.0007130788247751877,RandomForest,y_weekday
store_서초중앙로3점,0.0007109728201407707,RandomForest,y_weekday
store_신일동로점,0.0007093531463024369,RandomForest,y_weekday
store_다대동로점,0.0006989679698336684,RandomForest,y_weekday
store_르노삼성대로점,0.0006977937352215208,RandomForest,y_weekday
store_하리해안길점,0.0006977831273590322,RandomForest,y_weekday
store_시흥대로2점,0.0006952105392062414,RandomForest,y_weekday
store_한밭대로점,0.000687455517685407,RandomForest,y_weekday
store_천호대로점,0.0006869991079514824,RandomForest,y_weekday
store_계룡로점,0.0006858573977864666,RandomForest,y_weekday
store_마포대로2점,0.0006786817037142159,RandomForest,y_weekday
store_하남산단점,0.000678302848421272,RandomForest,y_weekday
store_해운대해변로점,0.0006730773271325474,RandomForest,y_weekday
store_대전로점,0.0006696672204824117,RandomForest,y_weekday
store_기흥점,0.0006694724291444063,RandomForest,y_weekday
store_못골로점,0.0006684160458351184,RandomForest,y_weekday
store_세종대로2점,0.0006659705561818515,RandomForest,y_weekday
store_장대로점,0.0006650440996414356,RandomForest,y_weekday
store_제중로점,0.0006642462826278873,RandomForest,y_weekday
store_절영로점,0.0006636433327918034,RandomForest,y_weekday
store_낙동대로점,0.0006564207173422411,RandomForest,y_weekday
store_양재2점,0.0006559761237163061,RandomForest,y_weekday
store_감천항로점,0.0006551415398341571,RandomForest,y_weekday
store_국제금융로점,0.0006517246721264261,RandomForest,y_weekday
store_하신중앙로점,0.0006457062942360893,RandomForest,y_weekday
store_마들로2점,0.0006425145299177666,RandomForest,y_weekday
store_종로2점,0.0006360840372005077,RandomForest,y_weekday
store_서초중앙로2점,0.0006325445958347525,RandomForest,y_weekday
store_필문대로점,0.0006272827030174035,RandomForest,y_weekday
store_목공동로점,0.0006271683512764735,RandomForest,y_weekday
store_안양천로2점,0.0006270421510421523,RandomForest,y_weekday
store_남천동로점,0.0006267203843194233,RandomForest,y_weekday
store_상무공원로점,0.0006205977837915086,RandomForest,y_weekday
store_학동로점,0.0006199159685932063,RandomForest,y_weekday
store_복수서로점,0.0006167745928769915,RandomForest,y_weekday
store_관저동로점,0.0006158549124031124,RandomForest,y_weekday
store_마들로점,0.0006139137623557153,RandomForest,y_weekday
store_영통구점,0.0006128599198306881,RandomForest,y_weekday
store_연희로2점,0.0006124115968847966,RandomForest,y_weekday
store_학감대로점,0.0006119702958014154,RandomForest,y_weekday
store_신갈마로점,0.0006086410422556391,RandomForest,y_weekday
store_엑스포로점,0.0006027339326272834,RandomForest,y_weekday
store_덕수궁길2점,0.0005954545973474765,RandomForest,y_weekday
store_비아로점,0.0005951281221489442,RandomForest,y_weekday
store_월계로2점,0.0005932404514386773,RandomForest,y_weekday
store_효덕로점,0.0005918678535543698,RandomForest,y_weekday
store_태종로점,0.0005889803020342622,RandomForest,y_weekday
store_장승배기로2점,0.0005869414637914334,RandomForest,y_weekday
store_일산동구점,0.0005858400164378759,RandomForest,y_weekday
store_올림픽로2점,0.0005834033303818602,RandomForest,y_weekday
store_명지동점,0.0005823465898599661,RandomForest,y_weekday
store_서소문로2점,0.0005802124804234423,RandomForest,y_weekday
store_학동로2점,0.0005755753102622932,RandomForest,y_weekday
store_녹사평대로2점,0.0005710161787013786,RandomForest,y_weekday
store_서남로점,0.0005695710105359524,RandomForest,y_weekday
store_올림픽로점,0.0005694836109464653,RandomForest,y_weekday
store_당산로점,0.0005690844768720424,RandomForest,y_weekday
store_가마산로2점,0.0005684050976237023,RandomForest,y_weekday
store_하신번영로점,0.000567985848881677,RandomForest,y_weekday
store_강남대로점,0.00056431119988969,RandomForest,y_weekday
store_자양로점,0.0005598503641277166,RandomForest,y_weekday
store_둔산중로점,0.0005559273503702869,RandomForest,y_weekday
store_용아로점,0.0005545367071608561,RandomForest,y_weekday
store_구청로점,0.0005457580271473017,RandomForest,y_weekday
store_녹사평대로점,0.0005436621182843997,RandomForest,y_weekday
store_서초중앙로점,0.0005426319499175043,RandomForest,y_weekday
store_은평로점,0.0005425621134160188,RandomForest,y_weekday
store_마린시티1로점,0.0005412734100360156,RandomForest,y_weekday
store_효원로점,0.0005365150423308047,RandomForest,y_weekday
store_금화로점,0.0005307620844261684,RandomForest,y_weekday
store_고산자로점,0.0005273532109239568,RandomForest,y_weekday
store_광산로점,0.0005272704995183071,RandomForest,y_weekday
store_덕수궁길점,0.0005243855348512383,RandomForest,y_weekday
store_월계로점,0.0005229172563433028,RandomForest,y_weekday
store_둔산로점,0.0005162631105520138,RandomForest,y_weekday
store_계족로점,0.0005091759728074746,RandomForest,y_weekday
store_명지새동네길점,0.0005038875163503116,RandomForest,y_weekday
store_어등대로점,0.0005036939227894766,RandomForest,y_weekday
store_청사포로점,0.0005019461110117875,RandomForest,y_weekday
store_송정공원로점,0.0005014341044640662,RandomForest,y_weekday
store_삼봉로점,0.0004988908061880758,RandomForest,y_weekday
store_당산로2점,0.000493410121199488,RandomForest,y_weekday
store_월드컵대로2점,0.0004820910974875299,RandomForest,y_weekday
store_종로점,0.0004800602557754021,RandomForest,y_weekday
store_분포로점,0.00047989958720046777,RandomForest,y_weekday
store_안양천로점,0.0004775057155177406,RandomForest,y_weekday
store_해운대로점,0.0004717362521400609,RandomForest,y_weekday
store_경열로점,0.0004681574319768174,RandomForest,y_weekday
store_관악로점,0.0004664824372477886,RandomForest,y_weekday
store_북유성대로점,0.0004651963069033513,RandomForest,y_weekday
store_성남대로점,0.00045796080089500926,RandomForest,y_weekday
store_세종로점,0.00045596613653983654,RandomForest,y_weekday
store_재반로점,0.000455729835317341,RandomForest,y_weekday
store_대흥로점,0.0004555001068724903,RandomForest,y_weekday
store_사직로2점,0.00045525828343458445,RandomForest,y_weekday
store_절재로점,0.00045252485716743246,RandomForest,y_weekday
store_서하로점,0.00044998227380237734,RandomForest,y_weekday
store_천호대로2점,0.0004436566073358499,RandomForest,y_weekday
store_성산동점,0.0004405728435004199,RandomForest,y_weekday
store_내방로점,0.00044043470539060906,RandomForest,y_weekday
store_장승배기로점,0.0004365456790884869,RandomForest,y_weekday
store_중동2로점,0.000430275412680357,RandomForest,y_weekday
store_낙동대로2점,0.00042331178328653725,RandomForest,y_weekday
store_노해로2점,0.0004203010114960024,RandomForest,y_weekday
store_성산동2점,0.0004182982212124213,RandomForest,y_weekday
store_서소문로점,0.00041626401789885965,RandomForest,y_weekday
store_방죽로점,0.0004142324751779871,RandomForest,y_weekday
store_강남대로2점,0.0004138527757825836,RandomForest,y_weekday
store_송정해변로점,0.0004118604082715787,RandomForest,y_weekday
store_둔산서로점,0.00041115154890861594,RandomForest,y_weekday
store_남동남로점,0.0004008980434295444,RandomForest,y_weekday
store_삼봉로2점,0.0003947478237537072,RandomForest,y_weekday
store_덕남길점,0.000390107901286098,RandomForest,y_weekday
store_무교로점,0.0003884375389767078,RandomForest,y_weekday
store_월드컵로점,0.000384960770278249,RandomForest,y_weekday
store_청계청로2점,0.0003847230027909786,RandomForest,y_weekday
store_배재로점,0.0003829612249021478,RandomForest,y_weekday
store_구덕로점,0.00037990872027692646,RandomForest,y_weekday
store_은평로2점,0.00037560741586831827,RandomForest,y_weekday
store_무교로2점,0.0003750128555248306,RandomForest,y_weekday
store_성내로점,0.0003720821875871432,RandomForest,y_weekday
store_기장대로점,0.0003601556572510436,RandomForest,y_weekday
store_창경궁로2점,0.00035884938406955926,RandomForest,y_weekday
store_온천천로점,0.00035450012190458636,RandomForest,y_weekday
store_대둔산로점,0.0003494866217643117,RandomForest,y_weekday
store_국제금융로2점,0.0003386435115920523,RandomForest,y_weekday
store_연제로점,0.00033685232978323404,RandomForest,y_weekday
store_용운동점,0.0003119992502451713,RandomForest,y_weekday
store_중구로점,0.00030884177916403626,RandomForest,y_weekday
store_세종대로점,0.0003019422265849143,RandomForest,y_weekday
store_용대로점,0.00029370371053120557,RandomForest,y_weekday
store_중앙대로2점,0.0002897159222090456,RandomForest,y_weekday
store_봉화산로점,0.0002853859051588764,RandomForest,y_weekday
store_남부순환로2점,0.00028273968319008616,RandomForest,y_weekday
store_석봉로점,0.0002769481931244038,RandomForest,y_weekday
store_한남로점,0.0002668499543571724,RandomForest,y_weekday
store_도봉로2점,0.0002620249514382676,RandomForest,y_weekday
store_한누리대로점,0.00024466067928909536,RandomForest,y_weekday
store_법원로점,0.00022294177355885328,RandomForest,y_weekday
store_사직로점,0.00012710869059151254,RandomForest,y_weekday
store_중앙대로점,9.30251147078646e-05,RandomForest,y_weekday
order_weekend,0.24760361590882968,GradientBoosting,y_weekday
order_weekday,0.22819741593669074,GradientBoosting,y_weekday
order_time_11,0.05705771109062417,GradientBoosting,y_weekday
order_takeout,0.04516357072162545,GradientBoosting,y_weekday
order_cancel,0.04105499058555639,GradientBoosting,y_weekday
order_time_15,0.03585773322814965,GradientBoosting,y_weekday
order_time_16,0.03565348737406753,GradientBoosting,y_weekday
delta_avg,0.03510943499027244,GradientBoosting,y_weekday
order_time_19,0.030645606587535682,GradientBoosting,y_weekday
order_time_12,0.0289627459921814,GradientBoosting,y_weekday
order_time_17,0.02748400832573224,GradientBoosting,y_weekday
order,0.027388978968137724,GradientBoosting,y_weekday
order_time_14,0.022678653617061326,GradientBoosting,y_weekday
order_time_13,0.022352806883916866,GradientBoosting,y_weekday
order_time_21,0.021544365759483815,GradientBoosting,y_weekday
order_time_20,0.02035289889866843,GradientBoosting,y_weekday
order_time_18,0.01834541339654083,GradientBoosting,y_weekday
order_fin,0.01520756422506736,GradientBoosting,y_weekday
order_delivery,0.007924935566682908,GradientBoosting,y_weekday
store_보문로2점,0.004791861349208955,GradientBoosting,y_weekday
store_창경궁로점,0.0025070672067482734,GradientBoosting,y_weekday
store_종로2점,0.0019822153834042886,GradientBoosting,y_weekday
store_민락수변로점,0.001972535723269939,GradientBoosting,y_weekday
store_강남점3점,0.0018443612792102037,GradientBoosting,y_weekday
store_무교로점,0.001835724886947231,GradientBoosting,y_weekday
store_문예회관길점,0.00130328793160864,GradientBoosting,y_weekday
store_녹사평대로2점,0.0012604005869409612,GradientBoosting,y_weekday
store_시흥대로점,0.0012292163529983935,GradientBoosting,y_weekday
store_명지동점,0.0010900761909594873,GradientBoosting,y_weekday
store_천호대로점,0.0010207052461280828,GradientBoosting,y_weekday
store_효원로점,0.0009685180270988744,GradientBoosting,y_weekday
store_덕수궁길2점,0.0009623962772019585,GradientBoosting,y_weekday
store_자양로점,0.0008961647478998918,GradientBoosting,y_weekday
store_송정공원로점,0.0008961382281166857,GradientBoosting,y_weekday
store_학동로2점,0.0008802205646003428,GradientBoosting,y_weekday
store_올림픽로점,0.0008358880474550865,GradientBoosting,y_weekday
store_연희로2점,0.0008341890453143996,GradientBoosting,y_weekday
store_삼봉로2점,0.000802405234455019,GradientBoosting,y_weekday
store_사직로점,0.0007406432289684667,GradientBoosting,y_weekday
store_올림픽로2점,0.0006903852651676825,GradientBoosting,y_weekday
store_월드컵로2점,0.0006486550576950275,GradientBoosting,y_weekday
store_장동로점,0.00043140236737656786,GradientBoosting,y_weekday
store_하신중앙로점,0.0003347098025986617,GradientBoosting,y_weekday
store_목공동로2점,0.00029983299891328324,GradientBoosting,y_weekday
store_해운대해변로점,0.0002975261929456674,GradientBoosting,y_weekday
store_엑스포로점,5.753471994340286e-05,GradientBoosting,y_weekday
store_용대로점,0.0,GradientBoosting,y_weekday
store_용아로점,0.0,GradientBoosting,y_weekday
store_성산동점,0.0,GradientBoosting,y_weekday
store_용운동점,0.0,GradientBoosting,y_weekday
store_우치로점,0.0,GradientBoosting,y_weekday
store_월계로2점,0.0,GradientBoosting,y_weekday
store_송정해변로점,0.0,GradientBoosting,y_weekday
store_월계로점,0.0,GradientBoosting,y_weekday
store_월드컵대로2점,0.0,GradientBoosting,y_weekday
store_세종대로2점,0.0,GradientBoosting,y_weekday
store_월드컵로점,0.0,GradientBoosting,y_weekday
store_은평로2점,0.0,GradientBoosting,y_weekday
store_은평로점,0.0,GradientBoosting,y_weekday
store_일산동구점,0.0,GradientBoosting,y_weekday
store_월드컵대로점,0.0,GradientBoosting,y_weekday
store_온천천로점,0.0,GradientBoosting,y_weekday
store_시흥대로2점,0.0,GradientBoosting,y_weekday
store_양재2점,0.0,GradientBoosting,y_weekday
store_강남대로2점,0.0,GradientBoosting,y_weekday
store_신갈마로점,0.0,GradientBoosting,y_weekday
store_신일동로점,0.0,GradientBoosting,y_weekday
store_신일서로점,0.0,GradientBoosting,y_weekday
store_안양천로2점,0.0,GradientBoosting,y_weekday
store_안양천로점,0.0,GradientBoosting,y_weekday
store_세종로점,0.0,GradientBoosting,y_weekday
store_예술길점,0.0,GradientBoosting,y_weekday
store_양재점,0.0,GradientBoosting,y_weekday
store_어등대로점,0.0,GradientBoosting,y_weekday
store_연제로점,0.0,GradientBoosting,y_weekday
store_세종대로점,0.0,GradientBoosting,y_weekday
store_연희로점,0.0,GradientBoosting,y_weekday
store_영통구점,0.0,GradientBoosting,y_weekday
store_자양로2점,0.0,GradientBoosting,y_weekday
store_장승배기로2점,0.0,GradientBoosting,y_weekday
store_장대로점,0.0,GradientBoosting,y_weekday
store_학동로점,0.0,GradientBoosting,y_weekday
store_청계청로점,0.0,GradientBoosting,y_weekday
store_청사포로점,0.0,GradientBoosting,y_weekday
store_태종로점,0.0,GradientBoosting,y_weekday
store_필문대로점,0.0,GradientBoosting,y_weekday
store_하남산단점,0.0,GradientBoosting,y_weekday
store_하리해안길점,0.0,GradientBoosting,y_weekday
store_하신번영로점,0.0,GradientBoosting,y_weekday
store_학감대로점,0.0,GradientBoosting,y_weekday
store_한남로점,0.0,GradientBoosting,y_weekday
store_성내로점,0.0,GradientBoosting,y_weekday
store_한누리대로점,0.0,GradientBoosting,y_weekday
store_한밭대로점,0.0,GradientBoosting,y_weekday
store_해안새벽시장길점,0.0,GradientBoosting,y_weekday
store_해운대로점,0.0,GradientBoosting,y_weekday
store_화곡로2점,0.0,GradientBoosting,y_weekday
store_화곡로점,0.0,GradientBoosting,y_weekday
store_화중로점,0.0,GradientBoosting,y_weekday
store_효덕로점,0.0,GradientBoosting,y_weekday
store_청계청로2점,0.0,GradientBoosting,y_weekday
store_첨단과기로점,0.0,GradientBoosting,y_weekday
store_가마산로2점,0.0,GradientBoosting,y_weekday
store_천호대로2점,0.0,GradientBoosting,y_weekday
store_장승배기로점,0.0,GradientBoosting,y_weekday
store_재반로점,0.0,GradientBoosting,y_weekday
store_절영로점,0.0,GradientBoosting,y_weekday
store_절재로점,0.0,GradientBoosting,y_weekday
store_제중로점,0.0,GradientBoosting,y_weekday
store_조치원점,0.0,GradientBoosting,y_weekday
store_감천항로점,0.0,GradientBoosting,y_weekday
store_종로점,0.0,GradientBoosting,y_weekday
store_준법로점,0.0,GradientBoosting,y_weekday
store_중구로점,0.0,GradientBoosting,y_weekday
store_중동2로점,0.0,GradientBoosting,y_weekday
store_중앙대로2점,0.0,GradientBoosting,y_weekday
store_중앙대로점,0.0,GradientBoosting,y_weekday
store_증심사길점,0.0,GradientBoosting,y_weekday
store_창경궁로2점,0.0,GradientBoosting,y_weekday
store_가마산로점,0.0,GradientBoosting,y_weekday
store_처인구점,0.0,GradientBoosting,y_weekday
store_성산동2점,0.0,GradientBoosting,y_weekday
store_관악로점,0.0,GradientBoosting,y_weekday
store_성내로2점,0.0,GradientBoosting,y_weekday
store_관저동로점,0.0,GradientBoosting,y_weekday
store_다대동로점,0.0,GradientBoosting,y_weekday
store_달맞이길점,0.0,GradientBoosting,y_weekday
store_당산로2점,0.0,GradientBoosting,y_weekday
store_당산로점,0.0,GradientBoosting,y_weekday
store_대둔산로점,0.0,GradientBoosting,y_weekday
store_대전로점,0.0,GradientBoosting,y_weekday
store_대종로점,0.0,GradientBoosting,y_weekday
store_대흥로점,0.0,GradientBoosting,y_weekday
store_덕남길점,0.0,GradientBoosting,y_weekday
store_덕수궁길점,0.0,GradientBoosting,y_weekday
store_도봉로2점,0.0,GradientBoosting,y_weekday
store_도봉로점,0.0,GradientBoosting,y_weekday
store_동구청로점,0.0,GradientBoosting,y_weekday
store_둔산로점,0.0,GradientBoosting,y_weekday
store_둔산서로점,0.0,GradientBoosting,y_weekday
store_둔산중로점,0.0,GradientBoosting,y_weekday
store_르노삼성대로점,0.0,GradientBoosting,y_weekday
store_마들로2점,0.0,GradientBoosting,y_weekday
store_마들로점,0.0,GradientBoosting,y_weekday
store_녹사평대로점,0.0,GradientBoosting,y_weekday
store_관악로2점,0.0,GradientBoosting,y_weekday
store_노해로점,0.0,GradientBoosting,y_weekday
store_기장대로점,0.0,GradientBoosting,y_weekday
store_광산로점,0.0,GradientBoosting,y_weekday
store_광주여대길점,0.0,GradientBoosting,y_weekday
store_구덕로점,0.0,GradientBoosting,y_weekday
store_구청로점,0.0,GradientBoosting,y_weekday
store_국제금융로2점,0.0,GradientBoosting,y_weekday
store_국제금융로점,0.0,GradientBoosting,y_weekday
store_금송로점,0.0,GradientBoosting,y_weekday
store_금화로점,0.0,GradientBoosting,y_weekday
store_기흥점,0.0,GradientBoosting,y_weekday
store_노해로2점,0.0,GradientBoosting,y_weekday
store_낙동대로2점,0.0,GradientBoosting,y_weekday
store_낙동대로점,0.0,GradientBoosting,y_weekday
store_낙동북로점,0.0,GradientBoosting,y_weekday
store_남동남로점,0.0,GradientBoosting,y_weekday
store_남부순환로2점,0.0,GradientBoosting,y_weekday
store_남부순환로점,0.0,GradientBoosting,y_weekday
store_남천동로점,0.0,GradientBoosting,y_weekday
store_내방로점,0.0,GradientBoosting,y_weekday
store_마린시티1로점,0.0,GradientBoosting,y_weekday
store_마포대로2점,0.0,GradientBoosting,y_weekday
store_마포대로점,0.0,GradientBoosting,y_weekday
store_상무대로점,0.0,GradientBoosting,y_weekday
store_비아로점,0.0,GradientBoosting,y_weekday
store_사우중로점,0.0,GradientBoosting,y_weekday
store_사직로2점,0.0,GradientBoosting,y_weekday
store_강남대로점,0.0,GradientBoosting,y_weekday
store_삼봉로점,0.0,GradientBoosting,y_weekday
store_삼일대로2점,0.0,GradientBoosting,y_weekday
store_삼일대로점,0.0,GradientBoosting,y_weekday
store_상무공원로점,0.0,GradientBoosting,y_weekday
store_상무번영로점,0.0,GradientBoosting,y_weekday
store_북유성대로점,0.0,GradientBoosting,y_weekday
store_서남로점,0.0,GradientBoosting,y_weekday
store_서소문로2점,0.0,GradientBoosting,y_weekday
store_서소문로점,0.0,GradientBoosting,y_weekday
store_서초중앙로2점,0.0,GradientBoosting,y_weekday
store_서초중앙로3점,0.0,GradientBoosting,y_weekday
store_서초중앙로점,0.0,GradientBoosting,y_weekday
store_서하로점,0.0,GradientBoosting,y_weekday
store_석봉로점,0.0,GradientBoosting,y_weekday
store_분포로점,0.0,GradientBoosting,y_weekday
store_부흥로점,0.0,GradientBoosting,y_weekday
store_망양로점,0.0,GradientBoosting,y_weekday
store_계룡로점,0.0,GradientBoosting,y_weekday
store_명지국제7로점,0.0,GradientBoosting,y_weekday
store_고산자로점,0.0,GradientBoosting,y_weekday
store_명지새동네길점,0.0,GradientBoosting,y_weekday
store_목공동로점,0.0,GradientBoosting,y_weekday
store_못골로점,0.0,GradientBoosting,y_weekday
store_무교로2점,0.0,GradientBoosting,y_weekday
store_고산자로2점,0.0,GradientBoosting,y_weekday
store_계족로점,0.0,GradientBoosting,y_weekday
store_방죽로점,0.0,GradientBoosting,y_weekday
store_봉화산로점,0.0,GradientBoosting,y_weekday
store_배재로점,0.0,GradientBoosting,y_weekday
store_법원로2점,0.0,GradientBoosting,y_weekday
store_법원로점,0.0,GradientBoosting,y_weekday
store_경열로점,0.0,GradientBoosting,y_weekday
store_보문로점,0.0,GradientBoosting,y_weekday
store_복수서로점,0.0,GradientBoosting,y_weekday
store_봉선로점,0.0,GradientBoosting,y_weekday
store_봉화산로2점,0.0,GradientBoosting,y_weekday
store_성남대로점,0.0,GradientBoosting,y_weekday
order_weekend,0.3804999617594512,tree,y_weekend
order_weekday,0.24686147814018125,tree,y_weekend
order,0.05864464025927709,tree,y_weekend
order_fin,0.03244732820106305,tree,y_weekend
order_time_13,0.023220289391135907,tree,y_weekend
order_time_14,0.02260438685471,tree,y_weekend
order_time_15,0.022227435726032554,tree,y_weekend
order_time_18,0.022119338797326568,tree,y_weekend
order_cancel,0.021045319215108414,tree,y_weekend
order_time_20,0.018251102728354313,tree,y_weekend
delta_avg,0.016116430861349434,tree,y_weekend
order_time_19,0.015102264596941129,tree,y_weekend
order_time_17,0.013930906421734144,tree,y_weekend
order_time_16,0.013090718528311814,tree,y_weekend
order_time_21,0.011829791209042918,tree,y_weekend
order_time_11,0.010022586765176656,tree,y_weekend
order_delivery,0.00930754008630993,tree,y_weekend
order_takeout,0.009273986915446479,tree,y_weekend
store_화곡로2점,0.005181693475879071,tree,y_weekend
store_낙동대로점,0.003277777042065725,tree,y_weekend
store_영통구점,0.0031997230830979476,tree,y_weekend
store_서소문로2점,0.0026526430035201973,tree,y_weekend
store_종로2점,0.002651797135215504,tree,y_weekend
order_time_12,0.0026181930943835713,tree,y_weekend
store_연희로점,0.0025759456736871174,tree,y_weekend
store_천호대로2점,0.002571439646269579,tree,y_weekend
store_둔산로점,0.0025286806154543153,tree,y_weekend
store_성산동점,0.0024054649054649053,tree,y_weekend
store_증심사길점,0.002362510175010175,tree,y_weekend
store_금화로점,0.0023142956816426213,tree,y_weekend
store_방죽로점,0.0023034215358836386,tree,y_weekend
store_자양로2점,0.002300879474792515,tree,y_weekend
store_당산로점,0.0022029697099077337,tree,y_weekend
store_신일동로점,0.002172866501097794,tree,y_weekend
store_자양로점,0.0021600093028664455,tree,y_weekend
store_장동로점,0.0018375079138968024,tree,y_weekend
store_첨단과기로점,0.0013500058142915288,tree,y_weekend
store_예술길점,0.0012841518721309674,tree,y_weekend
store_마포대로2점,0.00127812238781626,tree,y_weekend
store_서초중앙로2점,0.0007988822574711762,tree,y_weekend
store_창경궁로점,0.0007631114101217339,tree,y_weekend
store_해안새벽시장길점,0.0006124018310798228,tree,y_weekend
store_성남대로점,0.0,tree,y_weekend
store_월계로2점,0.0,tree,y_weekend
store_월계로점,0.0,tree,y_weekend
store_우치로점,0.0,tree,y_weekend
store_용운동점,0.0,tree,y_weekend
store_용아로점,0.0,tree,y_weekend
store_용대로점,0.0,tree,y_weekend
store_올림픽로점,0.0,tree,y_weekend
store_올림픽로2점,0.0,tree,y_weekend
store_온천천로점,0.0,tree,y_weekend
store_성내로2점,0.0,tree,y_weekend
store_월드컵대로2점,0.0,tree,y_weekend
store_성내로점,0.0,tree,y_weekend
store_시흥대로2점,0.0,tree,y_weekend
store_시흥대로점,0.0,tree,y_weekend
store_세종대로2점,0.0,tree,y_weekend
store_신갈마로점,0.0,tree,y_weekend
store_월드컵대로점,0.0,tree,y_weekend
store_신일서로점,0.0,tree,y_weekend
store_안양천로2점,0.0,tree,y_weekend
store_송정해변로점,0.0,tree,y_weekend
store_안양천로점,0.0,tree,y_weekend
store_양재2점,0.0,tree,y_weekend
store_송정공원로점,0.0,tree,y_weekend
store_세종로점,0.0,tree,y_weekend
store_양재점,0.0,tree,y_weekend
store_어등대로점,0.0,tree,y_weekend
store_세종대로점,0.0,tree,y_weekend
store_엑스포로점,0.0,tree,y_weekend
store_연제로점,0.0,tree,y_weekend
store_연희로2점,0.0,tree,y_weekend
store_성산동2점,0.0,tree,y_weekend
store_제중로점,0.0,tree,y_weekend
store_월드컵로2점,0.0,tree,y_weekend
store_학동로2점,0.0,tree,y_weekend
store_청사포로점,0.0,tree,y_weekend
store_태종로점,0.0,tree,y_weekend
store_필문대로점,0.0,tree,y_weekend
store_하남산단점,0.0,tree,y_weekend
store_하리해안길점,0.0,tree,y_weekend
store_하신번영로점,0.0,tree,y_weekend
store_하신중앙로점,0.0,tree,y_weekend
store_학감대로점,0.0,tree,y_weekend
store_학동로점,0.0,tree,y_weekend
store_청계청로2점,0.0,tree,y_weekend
store_한남로점,0.0,tree,y_weekend
store_한누리대로점,0.0,tree,y_weekend
store_한밭대로점,0.0,tree,y_weekend
store_해운대로점,0.0,tree,y_weekend
store_해운대해변로점,0.0,tree,y_weekend
store_화곡로점,0.0,tree,y_weekend
store_화중로점,0.0,tree,y_weekend
store_효덕로점,0.0,tree,y_weekend
store_청계청로점,0.0,tree,y_weekend
store_천호대로점,0.0,tree,y_weekend
store_월드컵로점,0.0,tree,y_weekend
store_절재로점,0.0,tree,y_weekend
store_은평로2점,0.0,tree,y_weekend
store_은평로점,0.0,tree,y_weekend
store_일산동구점,0.0,tree,y_weekend
store_장대로점,0.0,tree,y_weekend
store_장승배기로2점,0.0,tree,y_weekend
store_장승배기로점,0.0,tree,y_weekend
store_재반로점,0.0,tree,y_weekend
store_절영로점,0.0,tree,y_weekend
store_서하로점,0.0,tree,y_weekend
store_처인구점,0.0,tree,y_weekend
store_조치원점,0.0,tree,y_weekend
store_종로점,0.0,tree,y_weekend
store_준법로점,0.0,tree,y_weekend
store_중구로점,0.0,tree,y_weekend
store_중동2로점,0.0,tree,y_weekend
store_중앙대로2점,0.0,tree,y_weekend
store_중앙대로점,0.0,tree,y_weekend
store_창경궁로2점,0.0,tree,y_weekend
store_석봉로점,0.0,tree,y_weekend
store_사직로점,0.0,tree,y_weekend
store_서초중앙로점,0.0,tree,y_weekend
store_녹사평대로2점,0.0,tree,y_weekend
store_낙동대로2점,0.0,tree,y_weekend
store_낙동북로점,0.0,tree,y_weekend
store_남동남로점,0.0,tree,y_weekend
store_남부순환로2점,0.0,tree,y_weekend
store_남부순환로점,0.0,tree,y_weekend
store_남천동로점,0.0,tree,y_weekend
store_내방로점,0.0,tree,y_weekend
store_노해로2점,0.0,tree,y_weekend
store_노해로점,0.0,tree,y_weekend
store_녹사평대로점,0.0,tree,y_weekend
store_서초중앙로3점,0.0,tree,y_weekend
store_다대동로점,0.0,tree,y_weekend
store_달맞이길점,0.0,tree,y_weekend
store_당산로2점,0.0,tree,y_weekend
store_대둔산로점,0.0,tree,y_weekend
store_대전로점,0.0,tree,y_weekend
store_대종로점,0.0,tree,y_weekend
store_대흥로점,0.0,tree,y_weekend
store_덕남길점,0.0,tree,y_weekend
store_덕수궁길2점,0.0,tree,y_weekend
store_기흥점,0.0,tree,y_weekend
store_기장대로점,0.0,tree,y_weekend
store_금송로점,0.0,tree,y_weekend
store_국제금융로점,0.0,tree,y_weekend
store_가마산로2점,0.0,tree,y_weekend
store_가마산로점,0.0,tree,y_weekend
store_감천항로점,0.0,tree,y_weekend
store_강남대로2점,0.0,tree,y_weekend
store_강남대로점,0.0,tree,y_weekend
store_강남점3점,0.0,tree,y_weekend
store_경열로점,0.0,tree,y_weekend
store_계룡로점,0.0,tree,y_weekend
store_계족로점,0.0,tree,y_weekend
store_고산자로2점,0.0,tree,y_weekend
store_고산자로점,0.0,tree,y_weekend
store_관악로2점,0.0,tree,y_weekend
store_관악로점,0.0,tree,y_weekend
store_관저동로점,0.0,tree,y_weekend
store_광산로점,0.0,tree,y_weekend
store_광주여대길점,0.0,tree,y_weekend
store_구덕로점,0.0,tree,y_weekend
store_구청로점,0.0,tree,y_weekend
store_국제금융로2점,0.0,tree,y_weekend
store_덕수궁길점,0.0,tree,y_weekend
store_도봉로2점,0.0,tree,y_weekend
store_도봉로점,0.0,tree,y_weekend
store_보문로2점,0.0,tree,y_weekend
store_복수서로점,0.0,tree,y_weekend
store_봉선로점,0.0,tree,y_weekend
store_봉화산로2점,0.0,tree,y_weekend
store_봉화산로점,0.0,tree,y_weekend
store_부흥로점,0.0,tree,y_weekend
store_북유성대로점,0.0,tree,y_weekend
store_분포로점,0.0,tree,y_weekend
store_비아로점,0.0,tree,y_weekend
store_사우중로점,0.0,tree,y_weekend
store_사직로2점,0.0,tree,y_weekend
store_삼봉로2점,0.0,tree,y_weekend
store_삼봉로점,0.0,tree,y_weekend
store_삼일대로2점,0.0,tree,y_weekend
store_삼일대로점,0.0,tree,y_weekend
store_상무공원로점,0.0,tree,y_weekend
store_상무대로점,0.0,tree,y_weekend
store_상무번영로점,0.0,tree,y_weekend
store_서남로점,0.0,tree,y_weekend
store_서소문로점,0.0,tree,y_weekend
store_보문로점,0.0,tree,y_weekend
store_법원로점,0.0,tree,y_weekend
store_동구청로점,0.0,tree,y_weekend
store_법원로2점,0.0,tree,y_weekend
store_둔산서로점,0.0,tree,y_weekend
store_둔산중로점,0.0,tree,y_weekend
store_르노삼성대로점,0.0,tree,y_weekend
store_마들로2점,0.0,tree,y_weekend
store_마들로점,0.0,tree,y_weekend
store_마린시티1로점,0.0,tree,y_weekend
store_마포대로점,0.0,tree,y_weekend
store_망양로점,0.0,tree,y_weekend
store_명지국제7로점,0.0,tree,y_weekend
store_명지동점,0.0,tree,y_weekend
store_명지새동네길점,0.0,tree,y_weekend
store_목공동로2점,0.0,tree,y_weekend
store_목공동로점,0.0,tree,y_weekend
store_못골로점,0.0,tree,y_weekend
store_무교로2점,0.0,tree,y_weekend
store_무교로점,0.0,tree,y_weekend
store_문예회관길점,0.0,tree,y_weekend
store_민락수변로점,0.0,tree,y_weekend
store_배재로점,0.0,tree,y_weekend
store_효원로점,0.0,tree,y_weekend
order_weekend,0.22475257752020456,RandomForest,y_weekend
order_weekday,0.1043198653642652,RandomForest,y_weekend
order,0.04417032934967739,RandomForest,y_weekend
order_delivery,0.04297531074639501,RandomForest,y_weekend
order_fin,0.041269253988365735,RandomForest,y_weekend
order_time_19,0.035345498147235685,RandomForest,y_weekend
order_takeout,0.03428805632687618,RandomForest,y_weekend
order_time_11,0.03405329300202407,RandomForest,y_weekend
order_cancel,0.03288047262278777,RandomForest,y_weekend
order_time_16,0.03287567572009235,RandomForest,y_weekend
delta_avg,0.03280197123784668,RandomForest,y_weekend
order_time_21,0.03272415563448772,RandomForest,y_weekend
order_time_20,0.03188984505183471,RandomForest,y_weekend
order_time_17,0.03173883878378897,RandomForest,y_weekend
order_time_13,0.031341061054011396,RandomForest,y_weekend
order_time_12,0.03130670528487398,RandomForest,y_weekend
order_time_14,0.03069915939413579,RandomForest,y_weekend
order_time_18,0.030560256023859304,RandomForest,y_weekend
order_time_15,0.02984864389026531,RandomForest,y_weekend
store_마포대로2점,0.001231334993304647,RandomForest,y_weekend
store_서소문로2점,0.0012240686670416745,RandomForest,y_weekend
store_삼일대로2점,0.0010184151586681977,RandomForest,y_weekend
store_노해로2점,0.0010068326376343954,RandomForest,y_weekend
store_해운대로점,0.0009756055661192804,RandomForest,y_weekend
store_달맞이길점,0.0009285913930827124,RandomForest,y_weekend
store_창경궁로2점,0.0009029201288943808,RandomForest,y_weekend
store_강남점3점,0.0008996303657607025,RandomForest,y_weekend
store_국제금융로점,0.0008905711301770062,RandomForest,y_weekend
store_관악로2점,0.0008326123939470749,RandomForest,y_weekend
store_둔산로점,0.0008233821264910622,RandomForest,y_weekend
store_녹사평대로2점,0.0008093034071584979,RandomForest,y_weekend
store_남부순환로점,0.0007989814718070264,RandomForest,y_weekend
store_금송로점,0.0007900604036036813,RandomForest,y_weekend
store_분포로점,0.0007863608594693114,RandomForest,y_weekend
store_광주여대길점,0.0007797700287718732,RandomForest,y_weekend
store_양재점,0.0007659886493174342,RandomForest,y_weekend
store_낙동대로2점,0.0007479483038539238,RandomForest,y_weekend
store_목공동로2점,0.0007464299052880117,RandomForest,y_weekend
store_세종대로2점,0.0007455952218616568,RandomForest,y_weekend
store_조치원점,0.0007390198953086896,RandomForest,y_weekend
store_시흥대로2점,0.0007316342265571228,RandomForest,y_weekend
store_올림픽로점,0.0007216706347020381,RandomForest,y_weekend
store_송정해변로점,0.0007159126945108494,RandomForest,y_weekend
store_시흥대로점,0.0007095142928561961,RandomForest,y_weekend
store_월드컵로점,0.0006936464451600178,RandomForest,y_weekend
store_영통구점,0.0006903732088075548,RandomForest,y_weekend
store_도봉로점,0.0006875494370112752,RandomForest,y_weekend
store_강남대로2점,0.0006870257798070324,RandomForest,y_weekend
store_낙동대로점,0.0006852741434311447,RandomForest,y_weekend
store_신일동로점,0.0006701496255830619,RandomForest,y_weekend
store_명지국제7로점,0.0006688547098316939,RandomForest,y_weekend
store_창경궁로점,0.0006670946132482277,RandomForest,y_weekend
store_목공동로점,0.0006627056855942594,RandomForest,y_weekend
store_남천동로점,0.0006540090400603042,RandomForest,y_weekend
store_사우중로점,0.0006387415720200725,RandomForest,y_weekend
store_대흥로점,0.0006375076642953837,RandomForest,y_weekend
store_어등대로점,0.0006374990916411768,RandomForest,y_weekend
store_덕수궁길2점,0.000632538683149293,RandomForest,y_weekend
store_마포대로점,0.000624000249298935,RandomForest,y_weekend
store_천호대로점,0.0006213466998937233,RandomForest,y_weekend
store_고산자로2점,0.0006196906949368659,RandomForest,y_weekend
store_망양로점,0.000614854846954105,RandomForest,y_weekend
store_봉선로점,0.0006085587453032146,RandomForest,y_weekend
store_하리해안길점,0.0006074250219683504,RandomForest,y_weekend
store_절재로점,0.000604378681770372,RandomForest,y_weekend
store_장동로점,0.0006037122416392858,RandomForest,y_weekend
store_성내로2점,0.0005879518798245215,RandomForest,y_weekend
store_종로점,0.0005843405508592703,RandomForest,y_weekend
store_동구청로점,0.0005840694326764111,RandomForest,y_weekend
store_계룡로점,0.0005791506149123152,RandomForest,y_weekend
store_다대동로점,0.0005731660787282216,RandomForest,y_weekend
store_송정공원로점,0.0005710750031635111,RandomForest,y_weekend
store_기장대로점,0.0005686327066132055,RandomForest,y_weekend
store_화곡로점,0.0005634843335137082,RandomForest,y_weekend
store_명지새동네길점,0.0005622654410588683,RandomForest,y_weekend
store_제중로점,0.0005507929155838884,RandomForest,y_weekend
store_노해로점,0.000544722451308823,RandomForest,y_weekend
store_덕남길점,0.0005424141900867051,RandomForest,y_weekend
store_청계청로2점,0.0005392194788539604,RandomForest,y_weekend
store_석봉로점,0.0005386553124839073,RandomForest,y_weekend
store_증심사길점,0.0005360349384431437,RandomForest,y_weekend
store_필문대로점,0.000534450833199445,RandomForest,y_weekend
store_삼봉로2점,0.0005313455748277801,RandomForest,y_weekend
store_남동남로점,0.0005308915768406738,RandomForest,y_weekend
store_준법로점,0.0005290540255809166,RandomForest,y_weekend
store_효덕로점,0.000528905361769982,RandomForest,y_weekend
store_부흥로점,0.000528288259505384,RandomForest,y_weekend
store_해안새벽시장길점,0.0005275734103561777,RandomForest,y_weekend
store_강남대로점,0.000526906953870583,RandomForest,y_weekend
store_비아로점,0.0005255429381064434,RandomForest,y_weekend
store_우치로점,0.0005187462774136691,RandomForest,y_weekend
store_배재로점,0.0005160075583829761,RandomForest,y_weekend
store_법원로2점,0.0005141676418309203,RandomForest,y_weekend
store_보문로점,0.0005128135776660307,RandomForest,y_weekend
store_고산자로점,0.0005122151322582568,RandomForest,y_weekend
store_양재2점,0.0005044663653569276,RandomForest,y_weekend
store_자양로2점,0.0004954637180135355,RandomForest,y_weekend
store_당산로점,0.0004924147004244699,RandomForest,y_weekend
store_복수서로점,0.0004914486646584624,RandomForest,y_weekend
store_연희로점,0.0004902329665951839,RandomForest,y_weekend
store_르노삼성대로점,0.0004890205176940613,RandomForest,y_weekend
store_해운대해변로점,0.0004780377230154443,RandomForest,y_weekend
store_낙동북로점,0.00047704280797037784,RandomForest,y_weekend
store_둔산중로점,0.0004681947508289605,RandomForest,y_weekend
store_대종로점,0.00046722089710096807,RandomForest,y_weekend
store_사직로2점,0.00046577862344043754,RandomForest,y_weekend
store_성남대로점,0.0004606968439055027,RandomForest,y_weekend
store_성내로점,0.00045956669880046114,RandomForest,y_weekend
store_신일서로점,0.0004543006748339457,RandomForest,y_weekend
store_북유성대로점,0.000452534565280508,RandomForest,y_weekend
store_광산로점,0.0004523256874987467,RandomForest,y_weekend
store_서초중앙로3점,0.00045226724375229245,RandomForest,y_weekend
store_기흥점,0.00045184320697157134,RandomForest,y_weekend
store_효원로점,0.00043995667521895554,RandomForest,y_weekend
store_하신번영로점,0.00043426431779200773,RandomForest,y_weekend
store_못골로점,0.00043198411555397525,RandomForest,y_weekend
store_화곡로2점,0.00042947053153373336,RandomForest,y_weekend
store_남부순환로2점,0.00042921757436484434,RandomForest,y_weekend
store_대전로점,0.0004188446597075592,RandomForest,y_weekend
store_하남산단점,0.0004157342069353777,RandomForest,y_weekend
store_학감대로점,0.0004113934556282486,RandomForest,y_weekend
store_자양로점,0.000408869213858544,RandomForest,y_weekend
store_태종로점,0.00040776565586103316,RandomForest,y_weekend
store_처인구점,0.0004058911481708584,RandomForest,y_weekend
store_관악로점,0.00040505730357974734,RandomForest,y_weekend
store_엑스포로점,0.00040337351383402156,RandomForest,y_weekend
store_월계로2점,0.0004007891316529469,RandomForest,y_weekend
store_성산동점,0.0003957273374509732,RandomForest,y_weekend
store_재반로점,0.000393330291783157,RandomForest,y_weekend
store_안양천로2점,0.00039331010071799494,RandomForest,y_weekend
store_상무대로점,0.0003926964248663192,RandomForest,y_weekend
store_학동로2점,0.0003858313230778348,RandomForest,y_weekend
store_학동로점,0.0003840539902815219,RandomForest,y_weekend
store_감천항로점,0.0003827477362810793,RandomForest,y_weekend
store_서초중앙로2점,0.0003824342098058291,RandomForest,y_weekend
store_은평로점,0.0003824161936294762,RandomForest,y_weekend
store_도봉로2점,0.0003777740184470707,RandomForest,y_weekend
store_화중로점,0.00037642297960422305,RandomForest,y_weekend
store_명지동점,0.00037282632553203897,RandomForest,y_weekend
store_용운동점,0.0003707741583402005,RandomForest,y_weekend
store_서남로점,0.0003694030991291396,RandomForest,y_weekend
store_일산동구점,0.00036316053573167843,RandomForest,y_weekend
store_월드컵대로점,0.0003614783510569977,RandomForest,y_weekend
store_금화로점,0.0003606118930613152,RandomForest,y_weekend
store_상무번영로점,0.0003601879033068728,RandomForest,y_weekend
store_상무공원로점,0.0003590930889939281,RandomForest,y_weekend
store_연희로2점,0.00035894374995011896,RandomForest,y_weekend
store_녹사평대로점,0.0003545064085640053,RandomForest,y_weekend
store_관저동로점,0.000354171023270757,RandomForest,y_weekend
store_청계청로점,0.00034955715460185,RandomForest,y_weekend
store_성산동2점,0.00034797521193846205,RandomForest,y_weekend
store_천호대로2점,0.00034414177231087347,RandomForest,y_weekend
store_종로2점,0.00034410290726181444,RandomForest,y_weekend
store_연제로점,0.0003413804153492392,RandomForest,y_weekend
store_삼일대로점,0.0003395562133516292,RandomForest,y_weekend
store_민락수변로점,0.0003395153505374848,RandomForest,y_weekend
store_내방로점,0.0003377223575582436,RandomForest,y_weekend
store_무교로점,0.00033697277583338587,RandomForest,y_weekend
store_장승배기로점,0.000328948503505325,RandomForest,y_weekend
store_온천천로점,0.00032868799170195654,RandomForest,y_weekend
store_올림픽로2점,0.0003286195588379524,RandomForest,y_weekend
store_가마산로점,0.00032780158334781175,RandomForest,y_weekend
store_경열로점,0.0003259857801991436,RandomForest,y_weekend
store_가마산로2점,0.0003256869850076703,RandomForest,y_weekend
store_월드컵로2점,0.00031985286577917,RandomForest,y_weekend
store_당산로2점,0.00031662711294617595,RandomForest,y_weekend
store_하신중앙로점,0.0003121586649038853,RandomForest,y_weekend
store_서하로점,0.00030708253187702216,RandomForest,y_weekend
store_마린시티1로점,0.00030631115291155427,RandomForest,y_weekend
store_대둔산로점,0.0003014133491922048,RandomForest,y_weekend
store_봉화산로2점,0.0003008557308450451,RandomForest,y_weekend
store_세종로점,0.00029909373296219545,RandomForest,y_weekend
store_마들로2점,0.0002964694393768223,RandomForest,y_weekend
store_서소문로점,0.0002934013079526011,RandomForest,y_weekend
store_구청로점,0.0002913580709684864,RandomForest,y_weekend
store_은평로2점,0.0002887789426907122,RandomForest,y_weekend
store_안양천로점,0.0002872203153946908,RandomForest,y_weekend
store_마들로점,0.00028309803260738166,RandomForest,y_weekend
store_장승배기로2점,0.0002816576883981956,RandomForest,y_weekend
store_장대로점,0.0002797026054836099,RandomForest,y_weekend
store_중구로점,0.0002764913348686481,RandomForest,y_weekend
store_한남로점,0.00027367263635813993,RandomForest,y_weekend
store_사직로점,0.00027306555888221174,RandomForest,y_weekend
store_월드컵대로2점,0.00027033421709074426,RandomForest,y_weekend
store_월계로점,0.00026621100133072414,RandomForest,y_weekend
store_첨단과기로점,0.0002627858390784251,RandomForest,y_weekend
store_문예회관길점,0.00026169955616581447,RandomForest,y_weekend
store_삼봉로점,0.0002599054953156899,RandomForest,y_weekend
store_서초중앙로점,0.000245933233828945,RandomForest,y_weekend
store_예술길점,0.000243712451744324,RandomForest,y_weekend
store_신갈마로점,0.00023811630100272534,RandomForest,y_weekend
store_계족로점,0.0002363680514930458,RandomForest,y_weekend
store_방죽로점,0.00022561314557054994,RandomForest,y_weekend
store_한밭대로점,0.00021970604538960043,RandomForest,y_weekend
store_절영로점,0.00021469432389335054,RandomForest,y_weekend
store_중앙대로2점,0.00021400463278722407,RandomForest,y_weekend
store_용대로점,0.0002131720200521323,RandomForest,y_weekend
store_둔산서로점,0.00020507915851736137,RandomForest,y_weekend
store_청사포로점,0.00020370491930727882,RandomForest,y_weekend
store_법원로점,0.00019843907933873956,RandomForest,y_weekend
store_봉화산로점,0.0001929602628154945,RandomForest,y_weekend
store_보문로2점,0.00018914245424774345,RandomForest,y_weekend
store_세종대로점,0.00018602490979203914,RandomForest,y_weekend
store_무교로2점,0.0001807437025493064,RandomForest,y_weekend
store_중앙대로점,0.0001652363654982452,RandomForest,y_weekend
store_덕수궁길점,0.00014695140827956587,RandomForest,y_weekend
store_구덕로점,0.00013666284899647188,RandomForest,y_weekend
store_한누리대로점,0.00012849479633524185,RandomForest,y_weekend
store_중동2로점,0.00012041588677829052,RandomForest,y_weekend
store_국제금융로2점,0.0001096301860805187,RandomForest,y_weekend
store_용아로점,0.00010897773792252769,RandomForest,y_weekend
order_weekend,0.5319222431052633,GradientBoosting,y_weekend
order_weekday,0.37706854047874705,GradientBoosting,y_weekend
delta_avg,0.01104984970503404,GradientBoosting,y_weekend
order_time_18,0.007189157404152755,GradientBoosting,y_weekend
order_time_16,0.006497035501240661,GradientBoosting,y_weekend
order_takeout,0.0059363494421553415,GradientBoosting,y_weekend
order_time_19,0.0049636978742884615,GradientBoosting,y_weekend
order_time_14,0.00496335259081098,GradientBoosting,y_weekend
order_time_11,0.004567617012185711,GradientBoosting,y_weekend
order_time_17,0.004328499363201661,GradientBoosting,y_weekend
order_time_13,0.0038424703959287973,GradientBoosting,y_weekend
order_cancel,0.0036745374528434275,GradientBoosting,y_weekend
order_time_20,0.0036448877151553376,GradientBoosting,y_weekend
order_time_15,0.0034887640047029963,GradientBoosting,y_weekend
order_time_21,0.0032963675175466355,GradientBoosting,y_weekend
order_delivery,0.0031860829998039486,GradientBoosting,y_weekend
order,0.0026279103335178355,GradientBoosting,y_weekend
order_time_12,0.0016856122601608048,GradientBoosting,y_weekend
store_노해로2점,0.0014163837607829093,GradientBoosting,y_weekend
store_마린시티1로점,0.001061281436374106,GradientBoosting,y_weekend
order_fin,0.000962388909690111,GradientBoosting,y_weekend
store_강남점3점,0.0008008203817017783,GradientBoosting,y_weekend
store_낙동대로2점,0.000752855650659487,GradientBoosting,y_weekend
store_고산자로점,0.0007516647164449621,GradientBoosting,y_weekend
store_성내로점,0.000728549605188611,GradientBoosting,y_weekend
store_엑스포로점,0.0006769626405085825,GradientBoosting,y_weekend
store_기장대로점,0.0006310142195073283,GradientBoosting,y_weekend
store_해안새벽시장길점,0.0005765004523842791,GradientBoosting,y_weekend
store_녹사평대로2점,0.00041163255324987093,GradientBoosting,y_weekend
store_하리해안길점,0.00040874335539534655,GradientBoosting,y_weekend
store_안양천로2점,0.00039649784072817295,GradientBoosting,y_weekend
store_삼일대로2점,0.00039287171879668216,GradientBoosting,y_weekend
store_남천동로점,0.0003864241137306723,GradientBoosting,y_weekend
store_연제로점,0.0003465902746254713,GradientBoosting,y_weekend
store_장동로점,0.0003290193551905392,GradientBoosting,y_weekend
store_절재로점,0.0003271766624472165,GradientBoosting,y_weekend
store_조치원점,0.00032297171294746904,GradientBoosting,y_weekend
store_영통구점,0.00029973592528693976,GradientBoosting,y_weekend
store_화곡로2점,0.00028161138996578733,GradientBoosting,y_weekend
store_서소문로2점,0.00026931669763436344,GradientBoosting,y_weekend
store_관악로2점,0.0002621744816072136,GradientBoosting,y_weekend
store_양재2점,0.00026098974007963185,GradientBoosting,y_weekend
store_성산동점,0.0002588152368450411,GradientBoosting,y_weekend
store_송정해변로점,0.0002533613452344777,GradientBoosting,y_weekend
store_자양로2점,0.00024147559355401686,GradientBoosting,y_weekend
store_무교로2점,0.00024112078654997394,GradientBoosting,y_weekend
store_청계청로2점,0.00023928479155465554,GradientBoosting,y_weekend
store_양재점,0.0002371832434773708,GradientBoosting,y_weekend
store_증심사길점,0.00023484812898839653,GradientBoosting,y_weekend
store_내방로점,0.0002304242566062871,GradientBoosting,y_weekend
store_세종대로2점,0.00022219856458267407,GradientBoosting,y_weekend
store_복수서로점,0.00017326554444183586,GradientBoosting,y_weekend
store_구청로점,0.0001430371468181962,GradientBoosting,y_weekend
store_둔산로점,0.00011504116176234373,GradientBoosting,y_weekend
store_자양로점,0.00011470714688938711,GradientBoosting,y_weekend
store_일산동구점,0.00010984477440029804,GradientBoosting,y_weekend
store_광주여대길점,0.00010198329913295186,GradientBoosting,y_weekend
store_송정공원로점,9.625622749512678e-05,GradientBoosting,y_weekend
store_월계로점,0.0,GradientBoosting,y_weekend
store_월계로2점,0.0,GradientBoosting,y_weekend
store_우치로점,0.0,GradientBoosting,y_weekend
store_용아로점,0.0,GradientBoosting,y_weekend
store_시흥대로점,0.0,GradientBoosting,y_weekend
store_용운동점,0.0,GradientBoosting,y_weekend
store_월드컵대로2점,0.0,GradientBoosting,y_weekend
store_신갈마로점,0.0,GradientBoosting,y_weekend
store_올림픽로2점,0.0,GradientBoosting,y_weekend
store_신일동로점,0.0,GradientBoosting,y_weekend
store_용대로점,0.0,GradientBoosting,y_weekend
store_올림픽로점,0.0,GradientBoosting,y_weekend
store_세종로점,0.0,GradientBoosting,y_weekend
store_온천천로점,0.0,GradientBoosting,y_weekend
store_예술길점,0.0,GradientBoosting,y_weekend
store_연희로점,0.0,GradientBoosting,y_weekend
store_연희로2점,0.0,GradientBoosting,y_weekend
store_시흥대로2점,0.0,GradientBoosting,y_weekend
store_신일서로점,0.0,GradientBoosting,y_weekend
store_세종대로점,0.0,GradientBoosting,y_weekend
store_월드컵로2점,0.0,GradientBoosting,y_weekend
store_안양천로점,0.0,GradientBoosting,y_weekend
store_어등대로점,0.0,GradientBoosting,y_weekend
store_월드컵대로점,0.0,GradientBoosting,y_weekend
store_중동2로점,0.0,GradientBoosting,y_weekend
store_월드컵로점,0.0,GradientBoosting,y_weekend
store_은평로2점,0.0,GradientBoosting,y_weekend
store_청사포로점,0.0,GradientBoosting,y_weekend
store_태종로점,0.0,GradientBoosting,y_weekend
store_필문대로점,0.0,GradientBoosting,y_weekend
store_하남산단점,0.0,GradientBoosting,y_weekend
store_하신번영로점,0.0,GradientBoosting,y_weekend
store_하신중앙로점,0.0,GradientBoosting,y_weekend
store_학감대로점,0.0,GradientBoosting,y_weekend
store_학동로2점,0.0,GradientBoosting,y_weekend
store_학동로점,0.0,GradientBoosting,y_weekend
store_한남로점,0.0,GradientBoosting,y_weekend
store_한누리대로점,0.0,GradientBoosting,y_weekend
store_한밭대로점,0.0,GradientBoosting,y_weekend
store_해운대로점,0.0,GradientBoosting,y_weekend
store_해운대해변로점,0.0,GradientBoosting,y_weekend
store_화곡로점,0.0,GradientBoosting,y_weekend
store_화중로점,0.0,GradientBoosting,y_weekend
store_효덕로점,0.0,GradientBoosting,y_weekend
store_청계청로점,0.0,GradientBoosting,y_weekend
store_첨단과기로점,0.0,GradientBoosting,y_weekend
store_천호대로점,0.0,GradientBoosting,y_weekend
store_종로2점,0.0,GradientBoosting,y_weekend
store_은평로점,0.0,GradientBoosting,y_weekend
store_장대로점,0.0,GradientBoosting,y_weekend
store_장승배기로2점,0.0,GradientBoosting,y_weekend
store_장승배기로점,0.0,GradientBoosting,y_weekend
store_재반로점,0.0,GradientBoosting,y_weekend
store_절영로점,0.0,GradientBoosting,y_weekend
store_제중로점,0.0,GradientBoosting,y_weekend
store_종로점,0.0,GradientBoosting,y_weekend
store_천호대로2점,0.0,GradientBoosting,y_weekend
store_준법로점,0.0,GradientBoosting,y_weekend
store_중구로점,0.0,GradientBoosting,y_weekend
store_중앙대로2점,0.0,GradientBoosting,y_weekend
store_중앙대로점,0.0,GradientBoosting,y_weekend
store_창경궁로2점,0.0,GradientBoosting,y_weekend
store_창경궁로점,0.0,GradientBoosting,y_weekend
store_처인구점,0.0,GradientBoosting,y_weekend
store_성산동2점,0.0,GradientBoosting,y_weekend
store_사직로점,0.0,GradientBoosting,y_weekend
store_성내로2점,0.0,GradientBoosting,y_weekend
store_대전로점,0.0,GradientBoosting,y_weekend
store_남부순환로점,0.0,GradientBoosting,y_weekend
store_노해로점,0.0,GradientBoosting,y_weekend
store_녹사평대로점,0.0,GradientBoosting,y_weekend
store_다대동로점,0.0,GradientBoosting,y_weekend
store_달맞이길점,0.0,GradientBoosting,y_weekend
store_당산로2점,0.0,GradientBoosting,y_weekend
store_당산로점,0.0,GradientBoosting,y_weekend
store_대둔산로점,0.0,GradientBoosting,y_weekend
store_대종로점,0.0,GradientBoosting,y_weekend
store_남동남로점,0.0,GradientBoosting,y_weekend
store_대흥로점,0.0,GradientBoosting,y_weekend
store_덕남길점,0.0,GradientBoosting,y_weekend
store_덕수궁길2점,0.0,GradientBoosting,y_weekend
store_덕수궁길점,0.0,GradientBoosting,y_weekend
store_도봉로2점,0.0,GradientBoosting,y_weekend
store_도봉로점,0.0,GradientBoosting,y_weekend
store_동구청로점,0.0,GradientBoosting,y_weekend
store_둔산서로점,0.0,GradientBoosting,y_weekend
store_남부순환로2점,0.0,GradientBoosting,y_weekend
store_낙동북로점,0.0,GradientBoosting,y_weekend
store_르노삼성대로점,0.0,GradientBoosting,y_weekend
store_고산자로2점,0.0,GradientBoosting,y_weekend
store_가마산로2점,0.0,GradientBoosting,y_weekend
store_가마산로점,0.0,GradientBoosting,y_weekend
store_감천항로점,0.0,GradientBoosting,y_weekend
store_강남대로2점,0.0,GradientBoosting,y_weekend
store_강남대로점,0.0,GradientBoosting,y_weekend
store_경열로점,0.0,GradientBoosting,y_weekend
store_계룡로점,0.0,GradientBoosting,y_weekend
store_계족로점,0.0,GradientBoosting,y_weekend
store_관악로점,0.0,GradientBoosting,y_weekend
store_낙동대로점,0.0,GradientBoosting,y_weekend
store_관저동로점,0.0,GradientBoosting,y_weekend
store_광산로점,0.0,GradientBoosting,y_weekend
store_구덕로점,0.0,GradientBoosting,y_weekend
store_국제금융로2점,0.0,GradientBoosting,y_weekend
store_국제금융로점,0.0,GradientBoosting,y_weekend
store_금송로점,0.0,GradientBoosting,y_weekend
store_금화로점,0.0,GradientBoosting,y_weekend
store_기흥점,0.0,GradientBoosting,y_weekend
store_둔산중로점,0.0,GradientBoosting,y_weekend
store_마들로2점,0.0,GradientBoosting,y_weekend
store_성남대로점,0.0,GradientBoosting,y_weekend
store_상무공원로점,0.0,GradientBoosting,y_weekend
store_북유성대로점,0.0,GradientBoosting,y_weekend
store_분포로점,0.0,GradientBoosting,y_weekend
store_비아로점,0.0,GradientBoosting,y_weekend
store_사우중로점,0.0,GradientBoosting,y_weekend
store_사직로2점,0.0,GradientBoosting,y_weekend
store_삼봉로2점,0.0,GradientBoosting,y_weekend
store_삼봉로점,0.0,GradientBoosting,y_weekend
store_삼일대로점,0.0,GradientBoosting,y_weekend
store_상무대로점,0.0,GradientBoosting,y_weekend
store_봉화산로점,0.0,GradientBoosting,y_weekend
store_상무번영로점,0.0,GradientBoosting,y_weekend
store_서남로점,0.0,GradientBoosting,y_weekend
store_서소문로점,0.0,GradientBoosting,y_weekend
store_서초중앙로2점,0.0,GradientBoosting,y_weekend
store_서초중앙로3점,0.0,GradientBoosting,y_weekend
store_서초중앙로점,0.0,GradientBoosting,y_weekend
store_서하로점,0.0,GradientBoosting,y_weekend
store_석봉로점,0.0,GradientBoosting,y_weekend
store_부흥로점,0.0,GradientBoosting,y_weekend
store_봉화산로2점,0.0,GradientBoosting,y_weekend
store_마들로점,0.0,GradientBoosting,y_weekend
store_못골로점,0.0,GradientBoosting,y_weekend
store_마포대로2점,0.0,GradientBoosting,y_weekend
store_마포대로점,0.0,GradientBoosting,y_weekend
store_망양로점,0.0,GradientBoosting,y_weekend
store_명지국제7로점,0.0,GradientBoosting,y_weekend
store_명지동점,0.0,GradientBoosting,y_weekend
store_명지새동네길점,0.0,GradientBoosting,y_weekend
store_목공동로2점,0.0,GradientBoosting,y_weekend
store_목공동로점,0.0,GradientBoosting,y_weekend
store_무교로점,0.0,GradientBoosting,y_weekend
store_봉선로점,0.0,GradientBoosting,y_weekend
store_문예회관길점,0.0,GradientBoosting,y_weekend
store_민락수변로점,0.0,GradientBoosting,y_weekend
store_방죽로점,0.0,GradientBoosting,y_weekend
store_배재로점,0.0,GradientBoosting,y_weekend
store_법원로2점,0.0,GradientBoosting,y_weekend
store_법원로점,0.0,GradientBoosting,y_weekend
store_보문로2점,0.0,GradientBoosting,y_weekend
store_보문로점,0.0,GradientBoosting,y_weekend
store_효원로점,0.0,GradientBoosting,y_weekend
